identifiant_client,raison_sociale,derniere_adresse_connue
CL000001,Hubert-Dupuy Top Elec Spécialiste,782 boulevard de Morvan 85518 RousseauVille
CL000002,Daniel Appolo Électricité Pro,16 boulevard Turpin 53449 Ferrand
CL000003,Sauvage Appolo Électricité 2000,9 rue Pineau 56997 Saint Élisabeth
CL000004,Ledoux Plate-forme Elec Pièces,53 rue de Collet 98471 Pierre
CL000005,Wagner Excel Électricité Plus,78 chemin Astrid Moreno 00718 Voisin
CL000006,Brunet Top Dépanneur Pro,10 avenue Lucas Bernard 89579 Normand-la-Forêt
CL000007,Marty Confiance Dépanneur Pro,69 avenue de Da Silva 88501 AdamBourg
CL000008,Alves Top Elec 2000,83 boulevard Chauvet 07499 LévyVille
CL000009,Sousa Plate-forme Électricité Pièces,18 rue de Carpentier 48607 Collin-les-Bains
CL000010,Louis Excel Électricité Pro,21 avenue de Bailly 23268 Leroy-les-Bains
CL000011,Albert Giga Électricité Pro,500 rue Martel 72022 Berthelot
CL000012,Daniel Confiance Électricité Spécialiste,81 avenue Pauline Marchal 16957 Saint Augustin
CL000013,Boulanger-Lemoine Confiance Elec Plus,94 boulevard Jacques 81623 Rey
CL000014,Guillet Confiance Dépanneur ++,551 rue Arnaude Vallet 10801 Mercier-sur-Mer
CL000015,Ferrand Excel Elec Spécialiste,91 boulevard Lorraine Rivière 87871 Morin
CL000016,Barthelemy Appolo Dépanneur Pièces,782 chemin Adèle Guichard 95153 CharlesVille
CL000017,Valentin Confiance Elec Composants,18 chemin de Guilbert 14737 Roy
CL000018,Lucas Appolo Dépanneur Pro,36 chemin Laure Mace 46414 Chauveau
CL000019,Valentin Top Dépanneur ++,8 rue de Coste 61910 Bernier
CL000020,Lefebvre Top Électricité Pro,917 avenue Nicole Renaud 36285 Gaudin
CL000021,Roger Appolo Électricité Pro,903 rue de Laporte 87927 Martinez
CL000022,Joubert Plate-forme Électricité Pièces,68 avenue Mahe 42201 Saint Rémy
CL000023,Leroux Giga Elec Pièces,22 rue de Dijoux 43767 Giraud
CL000024,Picard Giga Électricité 2000,301 rue Isaac Collet 32668 Reynaud
CL000025,Blin Appolo Elec 2000,47 chemin Didier 39292 Barthelemy
CL000026,Ramos Confiance Elec 2000,72 chemin André Boulay 97323 Masse
CL000027,Brun Plate-forme Elec Spécialiste,81 boulevard de Meyer 53723 Chauvet
CL000028,Pruvost-Guerin Confiance Dépanneur Composants,69 chemin Maryse Verdier 40163 Saint Alain
CL000029,Costa Excel Électricité Pro,3 rue Gabriel Lévy 39154 Payetdan
CL000030,Lecoq Excel Elec Spécialiste,23 rue Suzanne Collet 01068 Richardboeuf
CL000031,Simon Plate-forme Électricité Spécialiste,36 boulevard de Bazin 63061 Sainte AlexVille
CL000032,Lelievre Top Elec Pièces,91 rue de Louis 45610 Meunier
CL000033,Gosselin Confiance Électricité Composants,31 chemin de Benard 24506 Gilles
CL000034,Leroux Appolo Électricité Composants,83 avenue Lévy 85534 Lefebvre
CL000035,Marty Excel Dépanneur ++,12 rue de Rossi 93121 Sainte YvesBourg
CL000036,Blondel Excel Électricité ++,85 boulevard de Gay 00378 Saint Paulboeuf
CL000037,Adam Excel Dépanneur Pièces,50 rue Gomes 76608 Hoareau
CL000038,Bouvet Plate-forme Elec Spécialiste,66 avenue Cécile Salmon 05223 Roussel
CL000039,Pruvost-Guerin Excel Dépanneur Pièces,99 rue Alix Menard 40360 Chevallier
CL000040,Gosselin Giga Dépanneur ++,51 chemin Auguste Martineau 59253 Mercier-sur-Hardy
CL000041,Julien Excel Dépanneur Pièces,5 chemin Alexandrie Valette 55253 Saint Corinne-les-Bains
CL000042,Hamel Appolo Elec 2000,52 avenue de Dupuis 28423 Saint Manonnec
CL000043,Jacquot Giga Électricité Pièces,51 rue de Diaz 54288 Saint Agathe-la-Forêt
CL000044,Lamy Plate-forme Électricité Pro,12 rue Dijoux 35047 Auger
CL000045,Adam Giga Dépanneur Spécialiste,4 avenue de Joseph 64601 Sainte Marianneboeuf
CL000046,Hamel Confiance Électricité Spécialiste,53 chemin de Techer 46919 Charpentier-sur-Blanchet
CL000047,Blondel Giga Électricité ++,832 rue Paul Payet 44914 Saint Michelle-sur-Mer
CL000048,Pineau Plate-forme Électricité Plus,72 chemin de Maréchal 57653 Huet-la-Forêt
CL000049,Leroux Plate-forme Elec Plus,1 rue Brunel 19328 Pelletierdan
CL000050,Julien Excel Dépanneur Composants,2 avenue Adrien Bernier 21172 Lefebvre
CL000051,Daniel Plate-forme Électricité 2000,18 rue Arthur Fouquet 83230 Lacroixnec
CL000052,Lucas Confiance Elec ++,60 avenue Lebrun 95988 BlancVille
CL000053,Bouvet Top Elec Composants,237 avenue Marguerite Renault 37633 Sainte Alexandriadan
CL000054,Picard Giga Dépanneur 2000,34 rue de Fabre 41752 Saint ArnaudeBourg
CL000055,Laurent Plate-forme Dépanneur Composants,41 boulevard Roger Benoit 91292 Ribeiro-sur-Mer
CL000056,Valentin Confiance Elec Spécialiste,53 avenue Raymond Leconte 74678 Blot
CL000057,Chretien Giga Elec Pro,464 rue de Duval 58242 Saint Noémi
CL000058,Maury Top Électricité Spécialiste,88 avenue Arthur Lemaire 95525 Sainte Frédériquenec
CL000059,Gosselin Giga Dépanneur Pro,22 boulevard Danielle Bonnin 45599 Saint Jacques
CL000060,Albert Excel Électricité Spécialiste,49 rue Catherine Bourgeois 70576 Étienne
CL000061,Pineau Appolo Dépanneur Pièces,15 rue de Bonnet 56641 Pages
CL000062,Roger Appolo Elec Spécialiste,1 rue de Guyot 20249 Huetboeuf
CL000063,Mace Appolo Électricité Plus,895 boulevard de Grenier 04254 Sainte Marceldan
CL000064,Gosselin Excel Elec Pièces,18 avenue de Langlois 23562 Lévynec
CL000065,Dupuis Plate-forme Elec Spécialiste,68 boulevard Lecomte 46550 Voisin
CL000066,Gosselin Plate-forme Dépanneur 2000,39 rue Noémi Leroux 85849 Charpentier-les-Bains
CL000067,Renard Confiance Électricité Pro,796 rue Garcia 60999 Andre
CL000068,Maury Excel Dépanneur Plus,3 chemin Dupuis 41146 Gonzalez
CL000069,Leroux Confiance Dépanneur 2000,61 rue Julie Millet 80567 Denis
CL000070,Hubert-Dupuy Appolo Dépanneur ++,1 rue Leroy 76903 Guyon-sur-Mallet
CL000071,Rossi Confiance Dépanneur Plus,703 rue Alexandrie Guichard 61750 Jacob
CL000072,Samson Giga Dépanneur Pro,67 rue Aurore Albert 86954 Royer-sur-Dijoux
CL000073,Bonnet Excel Électricité Pièces,77 rue Georges Martins 12531 Bourgeois
CL000074,Blin Plate-forme Dépanneur ++,99 rue Adrien Raynaud 51487 Gomes-sur-Foucher
CL000075,Valentin Giga Elec Plus,91 rue Rodriguez 82255 Sainte Isabelle-la-Forêt
CL000076,Lagarde Plate-forme Dépanneur Spécialiste,4 rue de Michaud 33414 VoisinBourg
CL000077,Lagarde Top Dépanneur ++,50 avenue Carpentier 63501 Le Roux
CL000078,Picard Giga Dépanneur Pro,39 rue de Bernard 76328 Bodinnec
CL000079,Hubert-Dupuy Appolo Électricité 2000,515 rue de Bonnin 24567 Masse
CL000080,Boulanger-Lemoine Appolo Électricité Plus,7 avenue Moulin 55215 Gosselin-sur-Mer
CL000081,Barre-Valentin Excel Elec Pièces,7 avenue Chauvin 34561 Étienne
CL000082,Bernier Confiance Elec Pièces,3 avenue Valentin 72963 Ribeiro
CL000083,Bouvet Top Électricité Composants,77 avenue Grégoire Maillard 39453 Vidal
CL000084,Deschamps Plate-forme Elec Spécialiste,990 chemin Arnaud 09829 Delmas-sur-Ledoux
CL000085,Gallet Appolo Elec Composants,42 rue Morel 83028 Fouquet
CL000086,Samson Appolo Dépanneur 2000,3 boulevard Bouvet 25566 Charpentier
CL000087,Ferrand Excel Dépanneur 2000,3 rue Camille De Sousa 11239 Da Costa
CL000088,Devaux Excel Elec Plus,95 avenue Lacombe 39349 Dias-sur-Martel
CL000089,Marechal Appolo Électricité Composants,4 rue de Perrot 79006 Tessier
CL000090,Carlier Plate-forme Elec Plus,95 rue Jean Baudry 16428 Bouvet
CL000091,Menard Top Dépanneur 2000,637 rue Grenier 98112 Mary-sur-Lacroix
CL000092,Gosselin Top Électricité Spécialiste,887 avenue Stéphanie Devaux 89717 Valléedan
CL000093,Lagarde Top Électricité Pro,9 rue Michelle Teixeira 77507 RaymondBourg
CL000094,Blin Top Électricité Spécialiste,69 rue Techer 76691 Voisin-sur-Mer
CL000095,Valentin Plate-forme Électricité Pro,57 boulevard Wagner 25885 Alves
CL000096,Gomez Appolo Elec Composants,4 avenue Lorraine Lamy 06801 Barbe-sur-Jacques
CL000097,Ferrand-Morin Plate-forme Elec Pièces,77 rue Boutin 00588 Boulay
CL000098,Samson Plate-forme Elec Plus,85 chemin Bernier 61504 Riou
CL000099,Guillet Giga Dépanneur ++,40 avenue de Bouvet 29760 Delahayenec
CL000100,Picard Excel Dépanneur Spécialiste,97 rue Pierre Lefort 89872 Sainte Isaac
